<?xml version="1.0" encoding="UTF-8" ?>
<OpenSearchDescription xmlns="http://a9.com/-/spec/opensearch/1.1/" xmlns:moz="http://www.mozilla.org/2006/browser/search/">
  <ShortName>Stack Overflow</ShortName>
  <Description>Search Stack Overflow: Q&amp;A for professional and enthusiast programmers</Description>
  <InputEncoding>UTF-8</InputEncoding>
  <Image width="16" height="16" type="image/x-icon">https://cdn.sstatic.net/Sites/stackoverflow/Img/favicon.ico?v=ec617d715196</Image>
  <Url type="text/html" method="get" template="https://stackoverflow.com/search?q={searchTerms}"></Url>
</OpenSearchDescription>